12/11/2025 16:41:40,Que horas s√£o?,"Desculpe, n√£o consegui processar sua pergunta no momento."
12/11/2025 16:41:46,sintomas,"Desculpe, n√£o consegui processar sua pergunta no momento."
12/11/2025 16:44:38,Boa tarde!,"Desculpe, n√£o consegui processar sua pergunta no momento."
12/11/2025 16:44:47,sintomas,"Desculpe, n√£o consegui processar sua pergunta no momento."
12/11/2025 16:49:21,boa tarde,"Desculpe, n√£o consegui processar sua pergunta no momento."
12/11/2025 16:49:32,Td bem?,"Desculpe, n√£o consegui processar sua pergunta no momento."
12/11/2025 16:57:44,Boa tarde!,"Desculpe, n√£o consegui processar sua pergunta no momento."
12/11/2025 17:05:33,Boa tarde,"Desculpe, ocorreu um erro na comunica√ß√£o com o servidor da IA."
12/11/2025 17:07:38,ol√°,"Erro de comunica√ß√£o: Invalid JSON payload received. Unknown name ""config"": Cannot find field."
12/11/2025 17:09:05,Ol√°,"Erro de comunica√ß√£o: Invalid JSON payload received. Unknown name ""systemInstruction"" at 'generation_config': Cannot find field."
12/11/2025 17:11:00,ol√°,"Erro de comunica√ß√£o: Invalid value at 'system_instruction' (type.googleapis.com/google.ai.generativelanguage.v1beta.Content), ""
    Voc√™ √© um assistente especializado em conscientiza√ß√£o do Novembro Azul.
    Sempre d√™ √™nfase a temas de c√¢ncer de pr√≥stata, preven√ß√£o, sintomas e check-ups.
    A hora atual √© 17:10.
    Responda de forma clara, amig√°vel e educativa.
    """
12/11/2025 17:11:14,sintomas,"Erro de comunica√ß√£o: Invalid value at 'system_instruction' (type.googleapis.com/google.ai.generativelanguage.v1beta.Content), ""
    Voc√™ √© um assistente especializado em conscientiza√ß√£o do Novembro Azul.
    Sempre d√™ √™nfase a temas de c√¢ncer de pr√≥stata, preven√ß√£o, sintomas e check-ups.
    A hora atual √© 17:11.
    Responda de forma clara, amig√°vel e educativa.
    """
12/11/2025 17:12:49,ol√°,"Erro de comunica√ß√£o: Invalid value at 'system_instruction' (type.googleapis.com/google.ai.generativelanguage.v1beta.Content), ""Voc√™ √© um assistente especializado em conscientiza√ß√£o do Novembro Azul.
    Sempre d√™ √™nfase a temas de c√¢ncer de pr√≥stata, preven√ß√£o, sintomas e check-ups.
    A hora atual √© 17:12.
    Responda de forma clara, amig√°vel e educativa."""
12/11/2025 17:13:34,oi,"Erro de comunica√ß√£o: Invalid value at 'system_instruction' (type.googleapis.com/google.ai.generativelanguage.v1beta.Content), ""Voc√™ √© um assistente especializado em conscientiza√ß√£o do Novembro Azul.
    Sempre d√™ √™nfase a temas de c√¢ncer de pr√≥stata, preven√ß√£o, sintomas e check-ups.
    A hora atual √© 17:13.
    Responda de forma clara, amig√°vel e educativa."""
12/11/2025 17:15:31,ol√°,"Erro de comunica√ß√£o: Invalid value at 'system_instruction' (type.googleapis.com/google.ai.generativelanguage.v1beta.Content), ""Voc√™ √© um assistente especializado em conscientiza√ß√£o do Novembro Azul.     Sempre d√™ √™nfase a temas de c√¢ncer de pr√≥stata, preven√ß√£o, sintomas e check-ups.     A hora atual √© 17:15.     Responda de forma clara, amig√°vel e educativa."""
12/11/2025 17:17:54,oi,"Erro de comunica√ß√£o: Invalid value at 'system_instruction' (type.googleapis.com/google.ai.generativelanguage.v1beta.Content), ""Voc√™ √© um assistente especializado em conscientiza√ß√£o do Novembro Azul. Sempre d√™ √™nfase a temas de c√¢ncer de pr√≥stata, preven√ß√£o, sintomas e check-ups. A hora atual √© 17:17. Responda de forma clara, amig√°vel e educativa."""
12/11/2025 17:20:38,ola,Erro de comunica√ß√£o: The model is overloaded. Please try again later.
12/11/2025 17:25:56,oi,N√£o consegui entender sua pergunta. Pode reformular?
12/11/2025 17:26:12,como est√°?,"Ol√°! Estou muito bem, obrigado por perguntar!"
12/11/2025 17:29:14,o que novembro azul,N√£o consegui entender sua pergunta. Pode reformular?
12/11/2025 17:29:27,O que √© novembro azul?,N√£o consegui entender sua pergunta. Pode reformular?
12/11/2025 17:31:20,ol√°,"Ol√°! Seja muito bem-vindo(a)!

Que bom ter voc√™ por aqui. Sou seu assistente para o Novembro Azul e estou pronto para conversarmos sobre a import√¢ncia da sa√∫de masculina, especialmente focando na preven√ß√£o e detec√ß√£o precoce do c√¢ncer de pr√≥stata.

O Novembro Azul √© um"
12/11/2025 17:31:33,td bem?,N√£o consegui entender sua pergunta. Pode reformular?
12/11/2025 17:31:43,tudo bem?,N√£o consegui entender sua pergunta. Pode reformular?
12/11/2025 17:31:53,como voc√™ est√°,N√£o consegui entender sua pergunta. Pode reformular?
12/11/2025 17:32:04,sintomas,N√£o consegui entender sua pergunta. Pode reformular?
12/11/2025 17:33:34,Ol√°,Ol√°! Seja muito bem-vindo(a)!
12/11/2025 17:33:44,tudo bem?,N√£o consegui entender sua pergunta. Pode reformular?
12/11/2025 17:40:50,ol√°,N√£o consegui entender sua pergunta. Pode reformular?
12/11/2025 17:41:00,como est√°,N√£o consegui entender sua pergunta. Pode reformular?
12/11/2025 17:44:11,ol√°,Erro de comunica√ß√£o: API key not valid. Please pass a valid API key.
12/11/2025 17:46:29,ol√°,"Ol√°! Seja muito bem-vindo(a)! üëã

Que bom ter voc√™ por aqui. Sou seu assistente especializado em conscientiza√ß√£o"
12/11/2025 17:46:40,como voc√™ est√°?,"Ol√°! Muito obrigado por perguntar. Eu estou muito bem e com a ""energia azul"" no m√°ximo, pronto para espalhar informa√ß√µes importantes!

Meu"
12/11/2025 17:47:22,o que √© novembro azul?,N√£o consegui entender sua pergunta. Pode reformular?
12/11/2025 17:47:31,o que √© novembro azul?,N√£o consegui entender sua pergunta. Pode reformular?
12/11/2025 17:49:23,O que √© novembro azul?,O modelo retornou uma resposta vazia.
12/11/2025 17:50:49,o que √© novembro azul?,"Ol√°! Sou o Chatbot do Novembro Azul. N√£o consegui gerar uma resposta detalhada agora, mas lembre-se: fazer check-ups regularmente e ficar atento aos sintomas √© fundamental. Pergunte sobre preven√ß√£o, sintomas ou exames!"
